<databaseChangeLog
        xmlns="http://www.liquibase.org/xml/ns/dbchangelog"
        xmlns:xsi="http://www.w3.org/2001/XMLSchema-instance"
        xsi:schemaLocation="http://www.liquibase.org/xml/ns/dbchangelog
      http://www.liquibase.org/xml/ns/dbchangelog/dbchangelog-4.1.xsd">
    <changeSet id="1" author="Radoslaw Mieckowski">
        <sql>
            CREATE TABLE STOCKS
            (
                STOCK_ID BIGINT AUTO_INCREMENT PRIMARY KEY,
                STOCK_NAME NVARCHAR(15) NOT NULL,
                STOCK_PRICE NUMERIC(10,2) NOT NULL,
                STOCK_TICKER NVARCHAR(15) NOT NULL,
                QUANTITY BIGINT NOT NULL
            );
        </sql>
        <sql>
            CREATE TABLE USERS
            (
                USER_ID BIGINT AUTO_INCREMENT PRIMARY KEY,
                USER_NAME NVARCHAR(15) NOT NULL,
                USER_TYPE ENUM('REGULAR', 'PRO') NOT NULL,
                JOIN_DATE DATETIME NOT NULL,
                EMAIL NVARCHAR(35) NOT NULL,
                PASSWORD CHAR(60) NOT NULL
            );
        </sql>
        <sql>
            CREATE TABLE ORDERS
            (
                ORDER_ID BIGINT AUTO_INCREMENT PRIMARY KEY,
                ORDER_QUANTITY INT NOT NULL,
                ORDER_TYPE ENUM('BUY', 'SELL') NOT NULL,
                STOCK_ID BIGINT NOT NULL,
                USER_ID BIGINT NOT NULL,
                BROKER_COMMISSION NUMERIC NOT NULL,
                TOTAL_PRICE NUMERIC(10,2) NOT NULL,
                DISCOUNT NUMERIC(10,2),
                TAX NUMERIC(10,2),
                ORDER_DATE DATETIME NOT NULL
            );
        </sql>
        <sql>
            ALTER TABLE ORDERS
            ADD FOREIGN KEY (STOCK_ID)
            REFERENCES STOCKS(STOCK_ID);
        </sql>
        <sql>
            ALTER TABLE ORDERS
            ADD FOREIGN KEY (USER_ID)
            REFERENCES USERS(USER_ID);
        </sql>
    </changeSet>
</databaseChangeLog>