<databaseChangeLog
        xmlns="http://www.liquibase.org/xml/ns/dbchangelog"
        xmlns:xsi="http://www.w3.org/2001/XMLSchema-instance"
        xsi:schemaLocation="http://www.liquibase.org/xml/ns/dbchangelog
      http://www.liquibase.org/xml/ns/dbchangelog/dbchangelog-4.1.xsd">
    <changeSet id="2" author="Radoslaw Mieckowski">
        <sql>
            INSERT INTO STOCKS(STOCK_NAME, STOCK_PRICE, STOCK_TICKER, QUANTITY)
            VALUES ('Stock1', 3.70, 'CDR', 10);
        </sql>
        <sql>
            INSERT INTO STOCKS(STOCK_NAME, STOCK_PRICE, STOCK_TICKER, QUANTITY)
            VALUES ('Stock2', 2.12, 'GDYN', 20);
        </sql>
        <sql>
            INSERT INTO USERS(USER_NAME, USER_TYPE, JOIN_DATE, EMAIL, PASSWORD)
            VALUES ('User1', 'PRO', NOW(), 'User1@wp.pl', 'top_secret1');
        </sql>
        <sql>
            INSERT INTO USERS(USER_NAME, USER_TYPE, JOIN_DATE, EMAIL, PASSWORD)
            VALUES ('User2', 'REGULAR', NOW(), 'User2@wp.pl', 'top_secret2');
        </sql>
        <sql>
            INSERT INTO ORDERS(ORDER_QUANTITY, ORDER_TYPE, STOCK_ID, USER_ID, BROKER_COMMISSION, TOTAL_PRICE, ORDER_DATE)
            VALUES (12, 'BUY', 1, 1, 1, 50, NOW());
        </sql>
        <sql>
            INSERT INTO ORDERS(ORDER_QUANTITY, ORDER_TYPE, STOCK_ID, USER_ID, BROKER_COMMISSION, TOTAL_PRICE, ORDER_DATE)
            VALUES (33, 'SELL', 1, 2, 2, 100, NOW());
        </sql>
        <sql>
            INSERT INTO ORDERS(ORDER_QUANTITY, ORDER_TYPE, STOCK_ID, USER_ID, BROKER_COMMISSION, TOTAL_PRICE, ORDER_DATE)
            VALUES (1, 'SELL', 2, 2, 2, 150, NOW());
        </sql>
    </changeSet>
</databaseChangeLog>